--
-- Script was generated by Devart dbForge Studio 2020 for MySQL, Version 9.0.338.0
-- Product home page: http://www.devart.com/dbforge/mysql/studio
-- Script date 7/5/2023 2:36:05 AM
-- Server version: 8.0.33
-- Client version: 4.1
--

-- 
-- Disable foreign keys
-- 
/*!40014 SET @OLD_FOREIGN_KEY_CHECKS=@@FOREIGN_KEY_CHECKS, FOREIGN_KEY_CHECKS=0 */;

-- 
-- Set SQL mode
-- 
/*!40101 SET @OLD_SQL_MODE=@@SQL_MODE, SQL_MODE='NO_AUTO_VALUE_ON_ZERO' */;

-- 
-- Set character set the client will use to send SQL statements to the server
--
SET NAMES 'utf8';

--
-- Set default database
--
USE tabeyoudb;

--
-- Drop table `reactreview`
--
DROP TABLE IF EXISTS reactreview;

--
-- Drop table `reply`
--
DROP TABLE IF EXISTS reply;

--
-- Drop table `foodreview`
--
DROP TABLE IF EXISTS foodreview;

--
-- Drop table `user`
--
DROP TABLE IF EXISTS user;

--
-- Drop table `role`
--
DROP TABLE IF EXISTS role;

--
-- Drop table `fooddescription`
--
DROP TABLE IF EXISTS fooddescription;

--
-- Drop table `restaurant`
--
DROP TABLE IF EXISTS restaurant;

--
-- Drop table `food`
--
DROP TABLE IF EXISTS food;

--
-- Drop table `category`
--
DROP TABLE IF EXISTS category;

--
-- Drop table `image`
--
DROP TABLE IF EXISTS image;

--
-- Set default database
--
USE tabeyoudb;

--
-- Create table `image`
--
CREATE TABLE image (
  ID int NOT NULL AUTO_INCREMENT,
  GroupID int NOT NULL,
  Title varchar(256) NOT NULL DEFAULT '',
  Src varchar(1024) NOT NULL DEFAULT '',
  PRIMARY KEY (ID)
)
ENGINE = INNODB,
AUTO_INCREMENT = 39,
AVG_ROW_LENGTH = 819,
CHARACTER SET utf8mb4,
COLLATE utf8mb4_0900_ai_ci;

--
-- Create table `category`
--
CREATE TABLE category (
  ID int NOT NULL AUTO_INCREMENT,
  Name varchar(10) NOT NULL DEFAULT '',
  Description varchar(2048) NOT NULL DEFAULT '',
  ImageId int DEFAULT NULL,
  PRIMARY KEY (ID)
)
ENGINE = INNODB,
AUTO_INCREMENT = 11,
AVG_ROW_LENGTH = 3276,
CHARACTER SET utf8mb4,
COLLATE utf8mb4_0900_ai_ci;

--
-- Create foreign key
--
ALTER TABLE category
ADD CONSTRAINT FK_category_ImageId FOREIGN KEY (ImageId)
REFERENCES image (ID);

--
-- Create table `food`
--
CREATE TABLE food (
  ID int NOT NULL AUTO_INCREMENT,
  Name varchar(50) NOT NULL DEFAULT '',
  CategoryId int DEFAULT NULL,
  PRIMARY KEY (ID)
)
ENGINE = INNODB,
AUTO_INCREMENT = 21,
AVG_ROW_LENGTH = 819,
CHARACTER SET utf8mb4,
COLLATE utf8mb4_0900_ai_ci;

--
-- Create foreign key
--
ALTER TABLE food
ADD CONSTRAINT FK_Food_CategoryId FOREIGN KEY (CategoryId)
REFERENCES category (ID) ON DELETE CASCADE ON UPDATE CASCADE;

--
-- Create table `restaurant`
--
CREATE TABLE restaurant (
  ID int NOT NULL AUTO_INCREMENT,
  Name varchar(256) NOT NULL DEFAULT '',
  Description varchar(256) NOT NULL DEFAULT '',
  OpenTime varchar(5) NOT NULL DEFAULT '',
  CloseTime varchar(5) NOT NULL DEFAULT '',
  Phone varchar(256) NOT NULL DEFAULT '',
  Province varchar(256) NOT NULL DEFAULT 'ハノイ',
  GroupImageID int DEFAULT NULL,
  Status smallint NOT NULL,
  District varchar(255) DEFAULT NULL,
  Ward varchar(255) DEFAULT NULL,
  DetailedAddress varchar(255) DEFAULT NULL,
  Avatar varchar(255) DEFAULT NULL,
  `From` varchar(255) DEFAULT NULL,
  `To` varchar(255) DEFAULT NULL,
  PRIMARY KEY (ID)
)
ENGINE = INNODB,
AUTO_INCREMENT = 7,
AVG_ROW_LENGTH = 2730,
CHARACTER SET utf8mb4,
COLLATE utf8mb4_0900_ai_ci;

--
-- Create table `fooddescription`
--
CREATE TABLE fooddescription (
  ID int NOT NULL AUTO_INCREMENT,
  FoodID int NOT NULL,
  RestaurantID int NOT NULL,
  Description varchar(2048) NOT NULL DEFAULT '',
  GroupImageID int DEFAULT NULL,
  Price int DEFAULT NULL,
  Status smallint NOT NULL,
  PRIMARY KEY (ID)
)
ENGINE = INNODB,
AUTO_INCREMENT = 181,
AVG_ROW_LENGTH = 528,
CHARACTER SET utf8mb4,
COLLATE utf8mb4_0900_ai_ci;

--
-- Create foreign key
--
ALTER TABLE fooddescription
ADD CONSTRAINT FK_fooddescription_FoodID FOREIGN KEY (FoodID)
REFERENCES food (ID) ON DELETE CASCADE ON UPDATE CASCADE;

--
-- Create foreign key
--
ALTER TABLE fooddescription
ADD CONSTRAINT FK_fooddescription_RestaurantID FOREIGN KEY (RestaurantID)
REFERENCES restaurant (ID) ON DELETE CASCADE ON UPDATE CASCADE;

--
-- Create table `role`
--
CREATE TABLE role (
  ID int NOT NULL AUTO_INCREMENT,
  Name varchar(10) NOT NULL DEFAULT '',
  PRIMARY KEY (ID)
)
ENGINE = INNODB,
AUTO_INCREMENT = 5,
AVG_ROW_LENGTH = 5461,
CHARACTER SET utf8mb4,
COLLATE utf8mb4_0900_ai_ci;

--
-- Create table `user`
--
CREATE TABLE user (
  ID int NOT NULL AUTO_INCREMENT,
  Username varchar(256) NOT NULL DEFAULT '',
  Password varchar(256) NOT NULL DEFAULT '',
  AvatarLink varchar(1024) NOT NULL DEFAULT '',
  Email varchar(256) NOT NULL DEFAULT '',
  Phone varchar(10) NOT NULL DEFAULT '',
  RoleId int NOT NULL,
  Status smallint NOT NULL,
  Address varchar(256) DEFAULT 'ベトナム',
  Sex varchar(50) NOT NULL DEFAULT '男',
  Point varchar(256) DEFAULT '',
  PRIMARY KEY (ID)
)
ENGINE = INNODB,
AUTO_INCREMENT = 6,
AVG_ROW_LENGTH = 3276,
CHARACTER SET utf8mb4,
COLLATE utf8mb4_0900_ai_ci;

--
-- Create check constraint
--
ALTER TABLE user
ADD CONSTRAINT CK_User CHECK ((`RoleId` > -(1)) AND (`RoleId` < 3));

--
-- Create index `Username` on table `user`
--
ALTER TABLE user
ADD UNIQUE INDEX Username (Username);

--
-- Create foreign key
--
ALTER TABLE user
ADD CONSTRAINT FK_user_RoleId FOREIGN KEY (RoleId)
REFERENCES role (ID);

--
-- Create table `foodreview`
--
CREATE TABLE foodreview (
  ID int NOT NULL AUTO_INCREMENT,
  UserID int NOT NULL,
  FoodDesID int NOT NULL,
  Review varchar(2048) NOT NULL DEFAULT '',
  Rating int NOT NULL,
  Status smallint NOT NULL,
  GroupImageID int DEFAULT NULL,
  UpdatedAt datetime NOT NULL DEFAULT CURRENT_TIMESTAMP,
  PRIMARY KEY (ID)
)
ENGINE = INNODB,
AUTO_INCREMENT = 267,
AVG_ROW_LENGTH = 268,
CHARACTER SET utf8mb4,
COLLATE utf8mb4_0900_ai_ci;

--
-- Create foreign key
--
ALTER TABLE foodreview
ADD CONSTRAINT FK_foodreview_FoodDesID FOREIGN KEY (FoodDesID)
REFERENCES fooddescription (ID) ON DELETE CASCADE ON UPDATE CASCADE;

--
-- Create foreign key
--
ALTER TABLE foodreview
ADD CONSTRAINT FK_foodreview_UserID FOREIGN KEY (UserID)
REFERENCES user (ID) ON DELETE CASCADE ON UPDATE CASCADE;

--
-- Create table `reply`
--
CREATE TABLE reply (
  ID int NOT NULL AUTO_INCREMENT,
  UserID int NOT NULL,
  ReviewID int NOT NULL,
  Comment varchar(2048) NOT NULL DEFAULT '',
  Status smallint DEFAULT NULL,
  UpdatedAt datetime NOT NULL DEFAULT CURRENT_TIMESTAMP,
  PRIMARY KEY (ID)
)
ENGINE = INNODB,
CHARACTER SET utf8mb4,
COLLATE utf8mb4_0900_ai_ci;

--
-- Create foreign key
--
ALTER TABLE reply
ADD CONSTRAINT FK_reply_ReviewID FOREIGN KEY (ReviewID)
REFERENCES foodreview (ID) ON DELETE CASCADE ON UPDATE CASCADE;

--
-- Create foreign key
--
ALTER TABLE reply
ADD CONSTRAINT FK_reply_UserID FOREIGN KEY (UserID)
REFERENCES user (ID) ON DELETE CASCADE ON UPDATE CASCADE;

--
-- Create table `reactreview`
--
CREATE TABLE reactreview (
  UserID int NOT NULL,
  ReviewID int NOT NULL,
  React smallint DEFAULT NULL,
  PRIMARY KEY (UserID, ReviewID)
)
ENGINE = INNODB,
CHARACTER SET utf8mb4,
COLLATE utf8mb4_0900_ai_ci;

--
-- Create check constraint
--
ALTER TABLE reactreview
ADD CONSTRAINT CK_reactreview CHECK ((`React` > -(1)) AND (`React` < 6));

--
-- Create foreign key
--
ALTER TABLE reactreview
ADD CONSTRAINT FK_ReactReview_ReviewID FOREIGN KEY (ReviewID)
REFERENCES foodreview (ID);

--
-- Create foreign key
--
ALTER TABLE reactreview
ADD CONSTRAINT FK_ReactReview_UserID FOREIGN KEY (UserID)
REFERENCES user (ID);

-- 
-- Dumping data for table image
--
INSERT INTO image VALUES
(2, 2, 'dsads', '/upload/img-resource/foods/sushi.jpg'),
(3, 3, 'dsads', '/upload/img-resource/foods/sashimi.jpg'),
(4, 4, 'dsads', '/upload/img-resource/foods/yakitori.jpg'),
(5, 5, 'dsads', '/upload/img-resource/foods/ramen.png'),
(6, 6, 'dsads', '/upload/img-resource/foods/okonomiyaki.jpg'),
(7, 7, 'dsads', '/upload/img-resource/foods/jiaozi.jpg'),
(8, 8, 'dsads', '/upload/img-resource/foods/takoyaki.jpg'),
(9, 9, 'dsads', '/upload/img-resource/foods/sukiyaki.jpg'),
(10, 10, 'dsads', '/upload/img-resource/foods/Champon.jpg'),
(11, 11, 'dsads', '/upload/img-resource/foods/edamame.jpg'),
(12, 12, 'dsads', '/upload/img-resource/foods/Fugu.jpg'),
(13, 13, 'dsads', '/upload/img-resource/foods/Gyoza.jpg'),
(14, 14, 'dsads', '/upload/img-resource/foods/gyudon.jpg'),
(15, 15, 'dsads', '/upload/img-resource/foods/gyukatsu.jpg'),
(16, 16, 'dsads', '/upload/img-resource/foods/gyutan.jpg'),
(17, 17, 'dsads', '/upload/img-resource/foods/karaage.jpeg'),
(18, 18, 'dsads', '/upload/img-resource/foods/katsudon.jpeg'),
(19, 19, 'dsads', '/upload/img-resource/foods/Kushikatsu.jpg'),
(20, 20, 'dsads', '/upload/img-resource/foods/Miso-soup.jpeg'),
(21, 0, 'dsads', '/upload/img-resource/categories/drink-icon.jpg'),
(22, 0, 'dsads', '/upload/img-resource/categories/soup-icon.jpg'),
(23, 0, 'dsads', '/upload/img-resource/categories/skewer-icon.jpg'),
(24, 0, 'dsads', '/upload/img-resource/categories/rice-icon.jpg'),
(25, 0, 'dsads', '/upload/img-resource/categories/noodles-icon.jpg'),
(26, 0, 'dsads', '/upload/img-resource/categories/sushi-icon.jpg'),
(27, 0, 'dsads', '/upload/img-resource/categories/com-nam-icon.jpg'),
(28, 0, 'dsads', '/upload/img-resource/categories/soup-icon.jpg'),
(29, 0, 'dsads', '/upload/img-resource/categories/tea-icon.jpg'),
(30, 0, 'dsads', '/upload/img-resource/categories/fried-food-icon.jpg'),
(36, 1, '', '/upload/restaurant/image/7c1840932911713a28eac774ba95cf9f.png'),
(37, 1, '', '/upload/restaurant/image/a04531698f72c4ef69ea233fab0de9c7.png'),
(38, 1, '', '/upload/restaurant/image/221d37c58fe1c98e3ad1cc8d7c66d3be.png');

-- 
-- Dumping data for table category
--
INSERT INTO category VALUES
(1, 'drink', 'cui bap', 21),
(2, 'hotpot', 'cui bap', 22),
(3, 'bbq', 'dsadsa', 23),
(4, 'rice', 'ddddd', 24),
(5, 'noodle', 'dvddb', 25),
(6, 'roll', 'dvddb', 26),
(7, 'snack', 'dvddb', 27),
(8, 'vegetarian', 'dvddb', 28),
(9, 'dessert', 'dvddb', 29),
(10, 'other', 'dvddb', 30);

-- 
-- Dumping data for table restaurant
--
INSERT INTO restaurant VALUES
(1, 'a', 'abc', '08:30', '22:30', '0123456730', 'Hà Nội', 1, 1, ' Đỗ Đức Dục', 'Từ Liêm', 'số 8 Đỗ Đức Dục, Từ Liêm, Hà Nội', '/upload/restaurant/avatar/0c5cf23788649d115a4b3d452fbc67f7.png', 'Thứ 2', 'Thứ 6'),
(2, 'Curry Kingdom', 'adb', '08:00', '22:00', '0123456738', 'Hà Nội', 2, 1, 'Gia Ngư', 'Hoàn Kiếm', '38 Gia Ngư, Hoàn Kiếm, Hà Nội', 'ewqe', 'Thứ 2', 'Chủ Nhật'),
(3, 'Tikka Talk', 'ddddd', '17:30', '21:00', '0123456748', 'Hà Nội', 3, 1, 'Ngụy Như Kon Tum', 'Thanh Xuân', 'số 1 Ngụy Như Kon Tum, Thanh Xuân, Hà Nội', 'dddd', 'Thứ 5', 'Chủ Nhật'),
(4, 'The Spice Factory', 'ddsads', '06:33', '12:30', '0123456758', 'Hà Nội', 4, 1, 'Nguyễn Quang Bích', 'Hoàn Kiếm', '12 Nguyễn Quang Bích, Hoàn Kiếm, Hà Nội', 'yttty', 'Thứ 6', 'Chủ Nhật'),
(5, 'The Paneer Bar', 'ewqewq', '08:30', '23:00', '0123456735', 'Hà Nội', 5, 1, 'Đinh Tiên Hoàng', 'Hoàn Kiếm', 'số 7 Đinh Tiên Hoàng, Hoàn Kiếm, Hà Nội', 'dsdeer', 'Thứ 2', 'Thứ 5'),
(6, 'Curry Leaves', 'ewqewqe', '12:30', '23:40', '0123456755', 'Hà Nội', 6, 1, 'Tông Đản', 'Hoàn Kiếm', '24 Tông Đản, Tràng Tiền, Hoàn Kiếm, Hà Nội', 'wewe', 'Thứ 3', 'Thứ 7');

-- 
-- Dumping data for table food
--
INSERT INTO food VALUES
(2, 'Sushi', 6),
(3, 'Sashimi', 4),
(4, 'Yakitori', 3),
(5, 'Ramen', 5),
(6, 'Okonomiyaki', 10),
(7, 'Jiaozi', 10),
(8, 'Takoyaki', 3),
(9, 'Sukiyaki', 3),
(10, 'Champon', 5),
(11, 'Edamame', 10),
(12, 'Fugu', 10),
(13, 'Gyoza', 4),
(14, 'Gyudon', 4),
(15, 'Gyukatsu', 4),
(16, 'Gyutan', 4),
(17, 'Karaage', 3),
(18, 'Katsudon', 4),
(19, 'Kushikatsu', 10),
(20, 'Miso Soup', 8);

-- 
-- Dumping data for table role
--
INSERT INTO role VALUES
(1, 'スタッフ'),
(2, 'ユーザー'),
(4, 'アドミン');

-- 
-- Dumping data for table fooddescription
--
INSERT INTO fooddescription VALUES
(151, 2, 1, 'dsaddd', 2, 56000, 1),
(152, 3, 1, 'dddd', 3, 32000, 1),
(153, 4, 1, 'asasas', 4, 30000, 1),
(154, 2, 2, 'sdwqdwq', 2, 30000, 1),
(155, 3, 2, 'dwqdwqd', 3, 44300, 1),
(156, 4, 2, 'dwqdwqd', 4, 47500, 1),
(157, 5, 2, 'dwqdwq', 5, 39000, 1),
(158, 6, 2, 'dwqdwq', 6, 35000, 1),
(159, 3, 3, 'dwqdwq', 3, 31230, 1),
(160, 4, 3, 'dwqdwq', 4, 56788, 1),
(161, 5, 3, 'dwqd', 5, 33333, 1),
(162, 6, 3, 'wdwwdwd', 6, 99999, 1),
(163, 7, 3, 'dwqdwqdw', 7, 11234, 1),
(164, 8, 3, 'dwqdwqd', 8, 43888, 1),
(166, 3, 4, 'dwqdwq', 3, 32323, 1),
(167, 5, 4, 'dwqdwqd', 5, 12344, 1),
(168, 9, 4, 'dwqdwq', 9, 12344, 1),
(169, 10, 5, 'dwqdwq', 10, 30000, 1),
(170, 12, 5, '23123', 12, 98989, 1),
(171, 11, 5, '5dsadsa', 11, 34556, 1),
(172, 13, 5, 'fdsvds', 13, 32323, 1),
(173, 14, 5, 'dsgds', 14, 12121, 1),
(174, 14, 6, 'gdsg', 14, 33232, 1),
(175, 15, 6, 'gdsg', 15, 32322, 1),
(176, 16, 6, 'gdsg', 16, 76767, 1),
(177, 17, 6, 'gdsgds', 17, 98888, 1),
(178, 18, 3, 'gdsgds', 18, 98888, 1),
(179, 19, 1, 'gdsgds', 19, 98888, 1),
(180, 20, 4, 'gdsgds', 20, 98888, 1);

-- 
-- Dumping data for table user
--
INSERT INTO user VALUES
(1, 'vietdung123', '1234', 'dsadsad', 'dsad@gami.com', '0123456790', 2, 1, 'ddsad', 'Male', '1'),
(2, 'duchuy234', '1234', 'dsads', 'dsad@gami.com', '0123456790', 2, 1, 'dsad', 'Male', '1000'),
(3, 'nhatsang000', '1234', 'dsads', 'dsad@gami.com', '0123456790', 2, 1, 'dsad', 'Male', '1000'),
(4, 'hoanganh132', '1234', 'dddd', 'dsad@gami.com', '0123456790', 2, 1, 'dsad', 'Male', '1000'),
(5, 'nguyenduc2222', '1234', 'dddd', 'dsad@gami.com', '0123456790', 2, 1, 'ddsad', 'Male', '1000');

-- 
-- Dumping data for table foodreview
--
INSERT INTO foodreview VALUES
(205, 3, 159, 'dsadsa', 3, 1, NULL, '2023-06-02 00:00:00'),
(207, 4, 157, 'dsadsa', 4, 1, NULL, '2023-06-02 00:00:00'),
(208, 3, 152, 'dsadsa', 4, 1, NULL, '2023-06-02 00:00:00'),
(210, 3, 160, 'dsadsa', 2, 1, NULL, '2023-06-02 00:00:00'),
(211, 5, 162, 'dsadsa', 5, 1, NULL, '2023-06-02 00:00:00'),
(212, 1, 168, 'dsadsa', 3, 1, NULL, '2023-06-02 00:00:00'),
(213, 2, 164, 'dsadsa', 4, 1, NULL, '2023-06-02 00:00:00'),
(214, 4, 160, 'dsadsa', 3, 1, NULL, '2023-06-02 00:00:00'),
(215, 4, 152, 'dsadsa', 3, 1, NULL, '2023-06-02 00:00:00'),
(216, 4, 156, 'dsadsa', 4, 1, NULL, '2023-06-02 00:00:00'),
(217, 2, 170, 'dsadsa', 1, 1, NULL, '2023-06-02 00:00:00'),
(218, 2, 176, 'dsadsa', 3, 1, NULL, '2023-06-02 00:00:00'),
(219, 3, 154, 'dsadsa', 2, 1, NULL, '2023-06-02 00:00:00'),
(220, 1, 174, 'dsadsa', 3, 1, NULL, '2023-06-02 00:00:00'),
(221, 2, 159, 'dsadsa', 4, 1, NULL, '2023-06-02 00:00:00'),
(222, 1, 173, 'dsadsa', 4, 1, NULL, '2023-06-02 00:00:00'),
(223, 5, 168, 'dsadsa', 1, 1, NULL, '2023-06-02 00:00:00'),
(224, 1, 160, 'dsadsa', 4, 1, NULL, '2023-06-02 00:00:00'),
(225, 4, 158, 'dsadsa', 5, 1, NULL, '2023-06-02 00:00:00'),
(226, 5, 167, 'dsadsa', 5, 1, NULL, '2023-06-02 00:00:00'),
(227, 3, 157, 'dsadsa', 4, 1, NULL, '2023-06-02 00:00:00'),
(228, 4, 168, 'dsadsa', 2, 1, NULL, '2023-06-02 00:00:00'),
(229, 4, 176, 'dsadsa', 1, 1, NULL, '2023-06-02 00:00:00'),
(230, 2, 173, 'dsadsa', 4, 1, NULL, '2023-06-02 00:00:00'),
(231, 1, 162, 'dsadsa', 3, 1, NULL, '2023-06-02 00:00:00'),
(232, 3, 179, 'dsadsa', 4, 1, NULL, '2023-06-02 00:00:00'),
(233, 2, 171, 'dsadsa', 5, 1, NULL, '2023-06-02 00:00:00'),
(234, 2, 156, 'dsadsa', 5, 1, NULL, '2023-06-02 00:00:00'),
(235, 5, 161, 'dsadsa', 5, 1, NULL, '2023-06-02 00:00:00'),
(236, 2, 160, 'dsadsa', 5, 1, NULL, '2023-06-02 00:00:00'),
(237, 5, 158, 'dsadsa', 4, 1, NULL, '2023-06-02 00:00:00'),
(238, 2, 155, 'dsadsa', 1, 1, NULL, '2023-06-02 00:00:00'),
(239, 4, 164, 'dsadsa', 3, 1, NULL, '2023-06-02 00:00:00'),
(240, 4, 166, 'dsadsa', 1, 1, NULL, '2023-06-02 00:00:00'),
(241, 1, 176, 'dsadsa', 2, 1, NULL, '2023-06-02 00:00:00'),
(242, 3, 156, 'dsadsa', 5, 1, NULL, '2023-06-02 00:00:00'),
(243, 4, 171, 'dsadsa', 3, 1, NULL, '2023-06-02 00:00:00'),
(244, 4, 163, 'dsadsa', 1, 1, NULL, '2023-06-02 00:00:00'),
(245, 5, 157, 'dsadsa', 2, 1, NULL, '2023-06-02 00:00:00'),
(246, 5, 169, 'dsadsa', 2, 1, NULL, '2023-06-02 00:00:00'),
(248, 3, 171, 'dsadsa', 5, 1, NULL, '2023-06-02 00:00:00'),
(249, 1, 152, 'dsadsa', 1, 1, NULL, '2023-06-02 00:00:00'),
(250, 1, 175, 'dsadsa', 2, 1, NULL, '2023-06-02 00:00:00'),
(251, 5, 170, 'dsadsa', 5, 1, NULL, '2023-06-02 00:00:00'),
(252, 2, 153, 'dsadsa', 2, 1, NULL, '2023-06-02 00:00:00'),
(253, 5, 153, 'dsadsa', 4, 1, NULL, '2023-06-02 00:00:00'),
(254, 4, 159, 'dsadsa', 2, 1, NULL, '2023-06-02 00:00:00'),
(255, 3, 155, 'dsadsa', 5, 1, NULL, '2023-06-02 00:00:00'),
(256, 1, 157, 'dsadsa', 1, 1, NULL, '2023-06-02 00:00:00'),
(257, 5, 174, 'dsadsa', 4, 1, NULL, '2023-06-02 00:00:00'),
(258, 4, 167, 'dsadsa', 2, 1, NULL, '2023-06-02 00:00:00'),
(259, 5, 155, 'dsadsa', 1, 1, NULL, '2023-06-02 00:00:00'),
(260, 5, 171, 'dsadsa', 3, 1, NULL, '2023-06-02 00:00:00'),
(261, 5, 154, 'dsadsa', 5, 1, NULL, '2023-06-02 00:00:00'),
(262, 3, 162, 'dsadsa', 5, 1, NULL, '2023-06-02 00:00:00'),
(264, 4, 178, 'dsadsa', 3, 1, NULL, '2023-06-02 00:00:00'),
(265, 1, 169, 'dsadsa', 3, 1, NULL, '2023-06-02 00:00:00'),
(266, 3, 151, 'day la comment ne', 4, 1, 5757865, '2023-07-04 21:09:33');

-- 
-- Dumping data for table reply
--
-- Table tabeyoudb.reply does not contain any data (it is empty)

-- 
-- Dumping data for table reactreview
--
INSERT INTO reactreview VALUES
(3, 266, 3);

-- 
-- Restore previous SQL mode
-- 
/*!40101 SET SQL_MODE=@OLD_SQL_MODE */;

-- 
-- Enable foreign keys
-- 
/*!40014 SET FOREIGN_KEY_CHECKS = @OLD_FOREIGN_KEY_CHECKS */;